,type,segment,name,number,diam,len,pathdist,dist,order,area
0,somatic,0.5,control_719[0].soma[0],0,23.95800018310547,36.86299896240234,18.431499481201172,0.0,0,2774.540704592245
0,basal,0.5,control_719[0].dend[0],0,1.5029607763250699,23.846853882529278,11.923146099680928,14.252180316723646,1,112.59746423176549
0,basal,0.5,control_719[0].dend[1],1,0.7540000081062317,10.430147256132638,28.846272968086677,25.723963882758838,2,24.706524858396545
0,basal,0.5,control_719[0].dend[2],2,0.7120000123977661,10.021805164473642,38.84634662917865,35.28341803003583,3,22.416914180394667
0,basal,0.1,control_719[0].dend[3],3,0.460999995470047,17.134079507635388,52.33364656800879,47.779839394112805,4,24.814845275784496
0,basal,0.3,control_719[0].dend[3],3,0.460999995470047,16.974414092925983,69.30806066093477,63.98544693175391,4,24.583605975176475
0,basal,0.5,control_719[0].dend[3],3,0.46099999547004694,16.974414092925983,86.28247475386075,80.01512470412648,4,24.58360597517647
0,basal,0.7,control_719[0].dend[3],3,0.46099999547004705,16.974414092925986,103.25688884678672,95.59348443031088,4,24.58360597517648
0,basal,0.9,control_719[0].dend[3],3,0.46099999547004733,16.974414092925983,120.23130293971272,110.44537163171972,4,24.583605975176493
0,basal,0.5,control_719[0].dend[4],4,0.6299999952316284,5.043955541188737,46.34658316029582,40.81722050316811,4,9.983013738576329
0,basal,0.05555555555555555,control_719[0].dend[5],5,0.45699998736381536,20.527355902226585,59.058968478074625,51.43427912183665,5,29.471285043636822
0,basal,0.16666666666666666,control_719[0].dend[5],5,0.45699998736381536,20.424483358057554,79.48345183613219,71.35330885896805,5,29.32359012925962
0,basal,0.2777777777777778,control_719[0].dend[5],5,0.4569999873638155,20.42448335805755,99.90793519418972,91.45690090599025,5,29.323590129259628
0,basal,0.3888888888888889,control_719[0].dend[5],5,0.4569999873638152,20.42448335805755,120.33241855224728,110.63883524648722,5,29.32359012925961
0,basal,0.5,control_719[0].dend[5],5,0.4569999873638155,20.42448335805755,140.75690191030483,130.66732583529935,5,29.323590129259628
0,basal,0.6111111111111112,control_719[0].dend[5],5,0.4569999873638155,20.42448335805755,161.18138526836242,150.75188594091276,5,29.323590129259628
0,basal,0.7222222222222222,control_719[0].dend[5],5,0.45699998736381486,20.42448335805755,181.60586862641992,167.95190491340304,5,29.32359012925959
0,basal,0.8333333333333334,control_719[0].dend[5],5,0.4569999873638155,20.42448335805755,202.03035198447753,182.46470137519327,5,29.323590129259628
0,basal,0.9444444444444444,control_719[0].dend[5],5,0.4569999873638155,20.42448335805755,222.45483534253503,201.58463094967797,5,29.323590129259628
0,basal,0.1,control_719[0].dend[6],6,0.45699998736381525,20.791374429426263,59.190977741674466,44.423381340332355,5,29.85033850327206
0,basal,0.3,control_719[0].dend[6],6,0.45699998736381536,20.68850188525723,79.8794796269317,54.010340652382695,5,29.702643588894865
0,basal,0.5,control_719[0].dend[6],6,0.45699998736381553,20.688501885257228,100.56798151218892,70.10141668245338,5,29.702643588894876
0,basal,0.7,control_719[0].dend[6],6,0.4569999873638152,20.68850188525723,121.25648339744615,88.58369338763707,5,29.702643588894855
0,basal,0.9,control_719[0].dend[6],6,0.4569999873638155,20.688501885257228,141.94498528270339,93.93920073150811,5,29.70264358889487
0,basal,0.05555555555555555,control_719[0].dend[7],7,0.4650000035762787,18.934681465455064,43.21889258615494,38.02431594291546,3,27.660551341055587
0,basal,0.16666666666666666,control_719[0].dend[7],7,0.4650000035762787,18.74527769868688,61.96417028484182,54.34228894621113,3,27.383862629685456
0,basal,0.2777777777777778,control_719[0].dend[7],7,0.4650000035762786,18.74527769868688,80.7094479835287,71.17462173151011,3,27.38386262968545
0,basal,0.3888888888888889,control_719[0].dend[7],7,0.465000003576279,18.745277698686884,99.45472568221558,88.16965035911484,3,27.383862629685478
0,basal,0.5,control_719[0].dend[7],7,0.4650000035762786,18.74527769868688,118.20000338090246,100.13713238156907,3,27.38386262968545
0,basal,0.6111111111111112,control_719[0].dend[7],7,0.4650000035762786,18.74527769868688,136.94528107958934,111.52041944528521,3,27.38386262968545
0,basal,0.7222222222222222,control_719[0].dend[7],7,0.46500000357627896,18.74527769868688,155.69055877827623,125.07924183793133,3,27.383862629685474
0,basal,0.8333333333333334,control_719[0].dend[7],7,0.4650000035762782,18.74527769868688,174.43583647696312,143.08583511249003,3,27.383862629685428
0,basal,0.9444444444444444,control_719[0].dend[7],7,0.46500000357627896,18.74527769868688,193.18111417565,160.75664361841697,3,27.383862629685474
0,basal,0.5,control_719[0].dend[8],8,0.7149999737739563,10.473905456080624,28.846403801368016,23.265394386949247,2,23.526891408218848
0,basal,0.16666666666666666,control_719[0].dend[9],9,0.6340000033378601,19.912373387541745,43.781158532931904,31.194369756891533,3,39.66086302100239
0,basal,0.5,control_719[0].dend[9],9,0.6340000033378601,19.86928625911545,63.65044479204736,48.445632737113755,3,39.575043381865214
0,basal,0.8333333333333334,control_719[0].dend[9],9,0.6340000033378601,19.86928625911545,83.51973105116281,64.95318179155667,3,39.575043381865214
0,basal,0.16666666666666666,control_719[0].dend[10],10,0.460999995470047,18.39432058492799,102.60016923178797,76.01121977516866,4,26.640019912640124
0,basal,0.5,control_719[0].dend[10],10,0.460999995470047,18.291590102134887,120.89175933392288,88.39062317343245,4,26.4912380049525
0,basal,0.8333333333333334,control_719[0].dend[10],10,0.460999995470047,18.291590102134887,139.18334943605777,104.21444884769713,4,26.4912380049525
0,basal,0.5,control_719[0].dend[11],11,0.46099999547004705,30.01212089664408,108.40906938764603,86.25194628650745,4,43.46578035408809
0,basal,0.07142857142857142,control_719[0].dend[12],12,0.46500000357627863,22.163627511996477,44.84902809568908,28.083004665651522,3,32.377526805406795
0,basal,0.21428571428571427,control_719[0].dend[12],12,0.4650000035762787,22.005025384629807,66.85405348031888,34.84307595943033,3,32.14583437927171
0,basal,0.35714285714285715,control_719[0].dend[12],12,0.4650000035762787,22.005025384629807,88.8590788649487,47.397081725264236,3,32.14583437927171
0,basal,0.5,control_719[0].dend[12],12,0.46500000357627885,22.005025384629807,110.86410424957849,67.51203028270112,3,32.14583437927172
0,basal,0.6428571428571429,control_719[0].dend[12],12,0.46500000357627863,22.005025384629807,132.86912963420832,87.15598248559206,3,32.145834379271705
0,basal,0.7857142857142857,control_719[0].dend[12],12,0.46500000357627863,22.005025384629807,154.8741550188381,106.15902950560208,3,32.145834379271705
0,basal,0.9285714285714286,control_719[0].dend[12],12,0.4650000035762783,22.005025384629807,176.8791804034679,122.38183882075832,3,32.14583437927168
0,basal,0.05555555555555555,control_719[0].dend[13],13,1.277999997138977,18.559216070336777,9.279608035168389,13.416318934178697,1,74.51442482404396
0,basal,0.16666666666666666,control_719[0].dend[13],13,1.0821372029747403,18.560186635753084,27.838824105505168,21.10750432789347,1,63.097846860798406
0,basal,0.2777777777777778,control_719[0].dend[13],13,0.8249101598020537,18.559421615611274,46.39804017584195,35.32688949106738,1,48.09732941165311
0,basal,0.3888888888888889,control_719[0].dend[13],13,0.743888254239949,18.559225146460488,64.95725624617873,52.85424748795089,1,43.37279548482241
0,basal,0.5,control_719[0].dend[13],13,0.7429999709129331,18.55921607033678,83.5164723165155,67.63571759615827,1,43.320982473240164
0,basal,0.6111111111111112,control_719[0].dend[13],13,0.7429999709129332,18.55921607033678,102.07568838685229,81.003491069467,1,43.32098247324017
0,basal,0.7222222222222222,control_719[0].dend[13],13,0.7429999709129338,18.559216070336777,120.63490445718907,97.55945109416959,1,43.3209824732402
0,basal,0.8333333333333334,control_719[0].dend[13],13,0.7429999709129327,18.559216070336777,139.19412052752585,113.2509275398998,1,43.320982473240136
0,basal,0.9444444444444444,control_719[0].dend[13],13,0.7429999709129338,18.559216070336777,157.7533365978626,129.3670128173733,1,43.3209824732402
0,basal,0.5,control_719[0].dend[14],14,0.9259999990463258,15.209455213372053,7.500001905383053,18.71837582455782,2,44.246051173370226
0,basal,0.5,control_719[0].dend[15],15,0.6340000033378601,40.12791146238538,34.97414881806227,40.848819401490715,3,79.92556029630857
0,basal,0.16666666666666666,control_719[0].dend[16],16,0.460999995470047,26.54728718680136,68.17057217736256,70.72153986249165,4,38.44775108804232
0,basal,0.5,control_719[0].dend[16],16,0.460999995470047,26.444556704008257,94.61512888137081,94.52906211045249,4,38.29896918035469
0,basal,0.8333333333333334,control_719[0].dend[16],16,0.4609999954700469,26.44455670400826,121.05968558537909,118.68107524950427,4,38.29896918035468
0,basal,0.1,control_719[0].dend[17],17,0.46099999547004694,16.844199314470718,63.31902824119723,65.4087486306491,4,24.395019271201623
0,basal,0.3,control_719[0].dend[17],17,0.460999995470047,16.74146883167761,80.06049707287484,76.3608406497602,4,24.246237363513995
0,basal,0.5,control_719[0].dend[17],17,0.46099999547004683,16.74146883167761,96.80196590455246,85.2146637504072,4,24.246237363513984
0,basal,0.7,control_719[0].dend[17],17,0.46099999547004705,16.741468831677615,113.54343473623005,91.51476375046448,4,24.246237363514
0,basal,0.9,control_719[0].dend[17],17,0.4609999954700473,16.74146883167761,130.2849035679077,91.67985047113386,4,24.24623736351401
0,basal,0.5,control_719[0].dend[18],18,0.9120000004768373,5.006341795674788,17.499647844931545,26.85429583238675,3,14.34383259276576
0,basal,0.5,control_719[0].dend[19],19,0.7089999914169312,5.1168207608111205,22.499686917996172,31.2425847438822,4,11.397151118964521
0,basal,0.05555555555555555,control_719[0].dend[20],20,0.45699998736381536,18.73875945618106,34.28909187987013,41.190743183417915,5,26.903383169644087
0,basal,0.16666666666666666,control_719[0].dend[20],20,0.45699998736381536,18.57801984594954,52.86711172581967,58.01589688210682,5,26.672608056984675
0,basal,0.2777777777777778,control_719[0].dend[20],20,0.45699998736381536,18.57801984594954,71.44513157176921,73.78728371525668,5,26.672608056984675
0,basal,0.3888888888888889,control_719[0].dend[20],20,0.45699998736381536,18.57801984594954,90.02315141771874,89.16336595979945,5,26.672608056984675
0,basal,0.5,control_719[0].dend[20],20,0.45699998736381536,18.57801984594954,108.60117126366828,103.3311062622272,5,26.672608056984675
0,basal,0.6111111111111112,control_719[0].dend[20],20,0.45699998736381536,18.57801984594954,127.17919110961783,116.13112972826846,5,26.672608056984675
0,basal,0.7222222222222222,control_719[0].dend[20],20,0.45699998736381536,18.57801984594954,145.7572109555674,133.90697338036753,5,26.672608056984675
0,basal,0.8333333333333334,control_719[0].dend[20],20,0.45699998736381536,18.57801984594954,164.33523080151693,149.07863734491866,5,26.672608056984675
0,basal,0.9444444444444444,control_719[0].dend[20],20,0.45699998736381536,18.57801984594954,182.91325064746647,164.7641275183608,5,26.672608056984675
0,basal,0.5,control_719[0].dend[21],21,0.6269999742507935,5.043837459001441,27.500160171121415,34.31747747075744,5,9.935242649337903
0,basal,0.1,control_719[0].dend[22],22,0.453000009059906,23.906505118502427,41.90163665217488,44.375471949595806,6,34.022339566981906
0,basal,0.3,control_719[0].dend[22],22,0.453000009059906,23.802796533654817,65.70443318582969,66.29004451095994,6,33.87474757592313
0,basal,0.5,control_719[0].dend[22],22,0.45300000905990606,23.802796533654817,89.5072297194845,90.04155944241424,6,33.87474757592314
0,basal,0.7,control_719[0].dend[22],22,0.45300000905990606,23.802796533654817,113.31002625313931,113.4865112535102,6,33.87474757592314
0,basal,0.9,control_719[0].dend[22],22,0.4530000090599059,23.802796533654817,137.11282278679414,135.59628389359716,6,33.874747575923124
0,basal,0.05555555555555555,control_719[0].dend[23],23,0.453000009059906,18.142769095585436,39.01976864071639,38.08342875723498,6,25.8197276346188
0,basal,0.16666666666666666,control_719[0].dend[23],23,0.453000009059906,18.039060510737833,57.05882915145422,52.39824751942378,6,25.672135643560036
0,basal,0.2777777777777778,control_719[0].dend[23],23,0.4530000090599062,18.039060510737833,75.09788966219206,66.75912817510667,6,25.672135643560047
0,basal,0.3888888888888889,control_719[0].dend[23],23,0.4530000090599059,18.039060510737837,93.13695017292987,80.67312070743739,6,25.672135643560033
0,basal,0.5,control_719[0].dend[23],23,0.4530000090599062,18.039060510737833,111.17601068366771,92.1381402875395,6,25.672135643560047
0,basal,0.6111111111111112,control_719[0].dend[23],23,0.4530000090599062,18.039060510737833,129.21507119440557,95.21649778834208,6,25.672135643560047
0,basal,0.7222222222222222,control_719[0].dend[23],23,0.4530000090599058,18.039060510737833,147.2541317051434,103.90359441945834,6,25.672135643560026
0,basal,0.8333333333333334,control_719[0].dend[23],23,0.4530000090599058,18.039060510737833,165.29319221588125,109.59547334046539,6,25.672135643560026
0,basal,0.9444444444444444,control_719[0].dend[23],23,0.4530000090599062,18.039060510737833,183.33225272661906,116.18758466867097,6,25.672135643560047
0,basal,0.5,control_719[0].dend[24],24,0.8199999928474425,15.048621961527882,27.499312613825886,32.249332181414715,4,38.76684462665965
0,basal,0.5,control_719[0].dend[25],25,0.7049999833106995,30.06224673887156,49.99936185700594,48.445193142178375,5,66.58254854500287
0,basal,0.5,control_719[0].dend[26],26,0.6230000257492065,25.043816667282154,77.49944959398503,72.03180027150192,6,49.01606612232739
0,basal,0.5,control_719[0].dend[27],27,0.4490000009536743,34.84414071334919,107.3696504400921,96.90559847390614,7,49.15027742647737
0,basal,0.16666666666666666,control_719[0].dend[28],28,0.44900000095367426,26.69702307414202,103.29609162048854,92.95806891874966,7,37.65815611152213
0,basal,0.5,control_719[0].dend[28],28,0.44900000095367426,26.59316559595108,129.8892572164396,111.44365636623411,7,37.511657338374214
0,basal,0.8333333333333334,control_719[0].dend[28],28,0.449000000953674,26.59316559595108,156.48242281239072,133.12383007648418,7,37.51165733837419
0,basal,0.1,control_719[0].dend[29],29,0.453000009059906,20.97967211697993,75.40870325550787,68.84654165233569,6,29.857042057368965
0,basal,0.3,control_719[0].dend[29],29,0.45300000905990595,20.81862578010159,96.22732903560946,84.16621471239935,6,29.627850331847654
0,basal,0.5,control_719[0].dend[29],29,0.4530000090599061,20.818625780101595,117.04595481571104,102.25198758422486,6,29.627850331847668
0,basal,0.7,control_719[0].dend[29],29,0.45300000905990584,20.818625780101595,137.86458059581264,122.04906439012564,6,29.62785033184765
0,basal,0.9,control_719[0].dend[29],29,0.4530000090599061,20.818625780101595,158.68320637591427,141.1406056789226,6,29.627850331847668
0,basal,0.16666666666666666,control_719[0].dend[30],30,0.6269999742507933,21.676022406221318,45.78166850859762,45.592822404875605,5,42.696963181071546
0,basal,0.5,control_719[0].dend[30],30,0.6269999742507935,21.564670320085657,67.34633882868327,64.15919384009759,5,42.47762423443413
0,basal,0.8333333333333334,control_719[0].dend[30],30,0.6269999742507936,21.564670320085657,88.91100914876893,83.68148660509507,5,42.47762423443414
0,basal,0.5,control_719[0].dend[31],31,0.4530000090599061,24.948866943237803,112.11592348800687,105.92141951319148,6,35.505767938340085
0,basal,0.5,control_719[0].dend[32],32,0.453000009059906,33.881718756782746,116.58234939477933,108.08543137584391,6,48.21848007235837
0,basal,0.5,control_719[0].dend[33],33,1.1909039381613087,26.333899825095234,13.166646099353782,10.450228205256535,1,98.52394276797149
0,basal,0.1,control_719[0].dend[34],34,0.4690000116825104,19.407629409357185,35.82331158241992,26.62466972064716,2,28.595336855050725
0,basal,0.3,control_719[0].dend[34],34,0.4690000116825104,18.98003876742471,54.80335034984462,43.99802741732486,2,27.965321813840628
0,basal,0.5,control_719[0].dend[34],34,0.4690000116825101,18.98003876742471,73.78338911726934,62.91483197058457,2,27.96532181384061
0,basal,0.7,control_719[0].dend[34],34,0.46900001168251054,18.980038767424713,92.76342788469404,81.69724560910402,2,27.96532181384064
0,basal,0.9,control_719[0].dend[34],34,0.4690000116825102,18.98003876742471,111.74346665211876,100.46360642795257,2,27.965321813840614
0,basal,0.5,control_719[0].dend[35],35,0.6370000243186951,5.2415224100608055,28.833105205014967,20.746399495303898,2,10.489306325685032
0,basal,0.16666666666666666,control_719[0].dend[36],36,0.46500000357627863,20.023540230179062,41.29373563119729,31.747100616445803,3,29.251200426954142
0,basal,0.5,control_719[0].dend[36],36,0.46500000357627874,19.92163483974986,61.21537047094715,51.1919203214113,3,29.102332895750106
0,basal,0.8333333333333334,control_719[0].dend[36],36,0.46500000357627863,19.92163483974986,81.13700531069702,69.8864309912417,3,29.1023328957501
0,basal,0.07142857142857142,control_719[0].dend[37],37,0.46500000357627863,18.563624489276815,40.56377776074617,28.07134984730288,3,27.118496247139134
0,basal,0.21428571428571427,control_719[0].dend[37],37,0.46500000357627874,18.461719098847613,59.02549685959379,43.544260317520035,3,26.969628715935098
0,basal,0.35714285714285715,control_719[0].dend[37],37,0.46500000357627863,18.461719098847613,77.4872159584414,61.786374174097375,3,26.96962871593509
0,basal,0.5,control_719[0].dend[37],37,0.46500000357627913,18.461719098847613,95.948935057289,80.1572851712243,3,26.96962871593512
0,basal,0.6428571428571429,control_719[0].dend[37],37,0.46500000357627863,18.461719098847613,114.41065415613663,98.4986052282015,3,26.96962871593509
0,basal,0.7857142857142857,control_719[0].dend[37],37,0.46500000357627863,18.461719098847613,132.8723732549842,114.65534837640233,3,26.96962871593509
0,basal,0.9285714285714286,control_719[0].dend[37],37,0.4650000035762789,18.461719098847613,151.33409235383183,130.43094410113002,3,26.96962871593511
0,basal,0.5,control_719[0].dend[38],38,1.4159350175437384,35.77000331657783,17.884753822020645,3.96357594444563,1,159.11538557854996
0,basal,0.5,control_719[0].dend[39],39,0.7149999737739563,10.39676484789662,40.76993570790951,21.932130108902953,2,23.353615191480092
0,basal,0.16666666666666666,control_719[0].dend[40],40,0.6340000033378601,16.63159123897844,54.0646158270538,33.49775041818733,3,33.12630037176398
0,basal,0.5,control_719[0].dend[40],40,0.63400000333786,16.58850411055215,70.65311993760594,49.49220756047788,3,33.040480732626804
0,basal,0.8333333333333334,control_719[0].dend[40],40,0.6340000033378602,16.588504110552147,87.24162404815809,65.79881612234905,3,33.04048073262681
0,basal,0.1,control_719[0].dend[41],41,0.46099999547004694,18.055177006909663,104.51209936549245,82.04517135498239,4,26.148847018814667
0,basal,0.3,control_719[0].dend[41],41,0.46099999547004694,17.95244652411656,122.46454588960898,99.59424341125302,4,26.000065111127036
0,basal,0.5,control_719[0].dend[41],41,0.4609999954700471,17.952446524116564,140.41699241372555,117.23602508685384,4,26.00006511112705
0,basal,0.7,control_719[0].dend[41],41,0.4609999954700467,17.95244652411656,158.36943893784212,135.07186527990896,4,26.000065111127025
0,basal,0.9,control_719[0].dend[41],41,0.4609999954700471,17.952446524116564,176.32188546195866,152.8421785544041,4,26.00006511112705
0,basal,0.16666666666666666,control_719[0].dend[42],42,0.460999995470047,26.629321326480486,108.79917152527784,79.69359614702327,4,38.5665590159828
0,basal,0.5,control_719[0].dend[42],42,0.460999995470047,26.526590843687384,135.32576236896523,95.87481951558642,4,38.41777710829517
0,basal,0.8333333333333334,control_719[0].dend[42],42,0.460999995470047,26.526590843687384,161.85235321265262,117.77042209550291,4,38.41777710829517
0,basal,0.05555555555555555,control_719[0].dend[43],43,0.46500000357627874,18.198174459519887,54.79014993785434,32.88967982188855,3,26.584632008169812
0,basal,0.16666666666666666,control_719[0].dend[43],43,0.46500000357627874,18.039572332153224,72.82972227000755,48.83365732340824,3,26.352939582034733
0,basal,0.2777777777777778,control_719[0].dend[43],43,0.46500000357627874,18.039572332153224,90.86929460216078,64.1929799752992,3,26.352939582034733
0,basal,0.3888888888888889,control_719[0].dend[43],43,0.4650000035762786,18.039572332153224,108.908866934314,81.32947610387137,3,26.352939582034722
0,basal,0.5,control_719[0].dend[43],43,0.46500000357627885,18.03957233215322,126.94843926646723,98.86407275612382,3,26.352939582034736
0,basal,0.6111111111111112,control_719[0].dend[43],43,0.46500000357627874,18.039572332153224,144.98801159862046,115.7590274909547,3,26.352939582034733
0,basal,0.7222222222222222,control_719[0].dend[43],43,0.46500000357627835,18.03957233215322,163.02758393077366,132.75966053560103,3,26.352939582034708
0,basal,0.8333333333333334,control_719[0].dend[43],43,0.46500000357627885,18.03957233215322,181.0671562629269,147.41424983112952,3,26.352939582034736
0,basal,0.9444444444444444,control_719[0].dend[43],43,0.46500000357627874,18.039572332153224,199.1067285950801,158.35315877029592,3,26.352939582034733
0,basal,0.07142857142857142,control_719[0].dend[44],44,0.46500000357627874,19.2365510362727,45.33683046696304,21.39661546949527,2,28.10153466454785
0,basal,0.21428571428571427,control_719[0].dend[44],44,0.46500000357627874,19.134645645843506,64.47147611280654,35.49706147696053,2,27.952667133343812
0,basal,0.35714285714285715,control_719[0].dend[44],44,0.46500000357627874,19.134645645843506,83.60612175865005,53.756334753811984,2,27.952667133343812
0,basal,0.5,control_719[0].dend[44],44,0.4650000035762786,19.134645645843502,102.74076740449354,72.70893911674546,2,27.9526671333438
0,basal,0.6428571428571429,control_719[0].dend[44],44,0.46500000357627885,19.134645645843502,121.87541305033704,91.32907523197073,2,27.95266713334382
0,basal,0.7857142857142857,control_719[0].dend[44],44,0.46500000357627874,19.134645645843506,141.01005869618055,109.24070447982946,2,27.952667133343812
0,basal,0.9285714285714286,control_719[0].dend[44],44,0.4650000035762784,19.134645645843502,160.14470434202406,127.00930382219356,2,27.95266713334379
0,basal,0.1,control_719[0].dend[45],45,0.4650000035762787,22.68085280084629,47.058981349249834,26.5601749552399,2,33.1331105041991
0,basal,0.3,control_719[0].dend[45],45,0.4650000035762787,22.578947410417094,69.63792875966692,44.96825675731353,2,32.98424297299507
0,basal,0.5,control_719[0].dend[45],45,0.46500000357627885,22.578947410417094,92.21687617008402,61.61151731451914,2,32.98424297299508
0,basal,0.7,control_719[0].dend[45],45,0.4650000035762785,22.578947410417097,114.79582358050112,76.94898447096328,2,32.984242972995055
0,basal,0.9,control_719[0].dend[45],45,0.46500000357627885,22.578947410417094,137.3747709909182,96.83093860143708,2,32.98424297299508
0,basal,0.5,control_719[0].dend[46],46,1.442298037265734,31.181808982395463,15.590469519944397,7.743362055320899,1,141.288297491761
0,basal,0.5,control_719[0].dend[47],47,0.6370000243186951,40.392471107640276,51.16568419726227,32.186344687942416,2,80.83319492943005
0,basal,0.1,control_719[0].dend[48],48,0.46500000357627874,22.82632802496359,82.51264067190296,61.85752646314178,3,33.34562661717885
0,basal,0.3,control_719[0].dend[48],48,0.4650000035762787,22.7244226345344,105.23706330643735,82.86368276604959,3,33.19675908597482
0,basal,0.5,control_719[0].dend[48],48,0.46500000357627863,22.724422634534395,127.96148594097176,102.78161108924273,3,33.19675908597481
0,basal,0.7,control_719[0].dend[48],48,0.46500000357627885,22.724422634534395,150.68590857550615,124.71738296701552,3,33.196759085974826
0,basal,0.9,control_719[0].dend[48],48,0.4650000035762785,22.7244226345344,173.41033121004054,146.69698505953335,3,33.196759085974804
0,basal,0.07142857142857142,control_719[0].dend[49],49,0.4650000035762787,17.875652949923495,80.0373031343829,58.784064525852266,3,26.1134794941409
0,basal,0.21428571428571427,control_719[0].dend[49],49,0.4650000035762787,17.773747559494296,97.81105069387719,74.86265270499764,3,25.964611962936864
0,basal,0.35714285714285715,control_719[0].dend[49],49,0.4650000035762787,17.773747559494296,115.58479825337149,91.6612872780755,3,25.964611962936864
0,basal,0.5,control_719[0].dend[49],49,0.4650000035762786,17.773747559494296,133.35854581286577,108.59422901413772,3,25.964611962936857
0,basal,0.6428571428571429,control_719[0].dend[49],49,0.4650000035762787,17.773747559494296,151.13229337236007,126.25871271925564,3,25.964611962936864
0,basal,0.7857142857142857,control_719[0].dend[49],49,0.4650000035762786,17.773747559494296,168.90604093185436,142.62681916469577,3,25.964611962936857
0,basal,0.9285714285714286,control_719[0].dend[49],49,0.4650000035762787,17.773747559494296,186.67978849134866,157.97874789025332,3,25.964611962936864
0,basal,0.5,control_719[0].dend[50],50,0.7900000214576721,20.200568771206452,41.14523860347096,23.903030817491835,2,50.13494853721239
0,basal,0.5,control_719[0].dend[51],51,0.6340000033378601,25.02862733051697,63.58005371943676,38.51366826654757,3,49.851262872582026
0,basal,0.1,control_719[0].dend[52],52,0.460999995470047,20.050852289297595,86.02463017507266,57.83573488621182,4,29.03913204002609
0,basal,0.3,control_719[0].dend[52],52,0.460999995470047,19.948121806504496,105.97275198157716,75.74453364519357,4,28.890350132338465
0,basal,0.5,control_719[0].dend[52],52,0.46099999547004716,19.948121806504496,125.92087378808166,94.0818984749601,4,28.890350132338476
0,basal,0.7,control_719[0].dend[52],52,0.46099999547004683,19.9481218065045,145.86899559458612,109.819475985677,4,28.890350132338455
0,basal,0.9,control_719[0].dend[52],52,0.46099999547004716,19.948121806504496,165.81711740109063,127.89886332265964,4,28.890350132338476
0,basal,0.1,control_719[0].dend[53],53,0.46099999547004694,17.989525525724687,84.9939667932862,56.500726700854756,4,26.0537656724835
0,basal,0.3,control_719[0].dend[53],53,0.46099999547004694,17.88679504293159,102.88076183621779,72.66529156651156,4,25.904983764795876
0,basal,0.5,control_719[0].dend[53],53,0.46099999547004716,17.88679504293159,120.76755687914938,89.06665347993552,4,25.904983764795887
0,basal,0.7,control_719[0].dend[53],53,0.4609999954700467,17.88679504293159,138.65435192208093,104.76235741619499,4,25.904983764795865
0,basal,0.9,control_719[0].dend[53],53,0.46099999547004716,17.88679504293159,156.54114696501253,120.45300888313822,4,25.904983764795887
0,basal,0.5,control_719[0].dend[54],54,0.6340000033378601,19.94266301109305,61.03707155972481,37.59710760878916,3,39.72119297701746
0,basal,0.16666666666666666,control_719[0].dend[55],55,0.460999995470047,24.99272113976753,83.40960028088371,57.25261303288195,4,36.19631319136734
0,basal,0.5,control_719[0].dend[55],55,0.46099999547004694,24.88999065697442,108.29959093785813,81.7202311863664,4,36.047531283679696
0,basal,0.8333333333333334,control_719[0].dend[55],55,0.4609999954700471,24.889990656974426,133.18958159483253,104.6287914187006,4,36.04753128367972
0,basal,0.1,control_719[0].dend[56],56,0.46099999547004705,19.549529475449507,80.6880044487247,53.11594819873732,4,28.31307914332291
0,basal,0.3,control_719[0].dend[56],56,0.46099999547004705,19.446798992656404,100.1348034413811,70.65397128160852,4,28.164297235635285
0,basal,0.5,control_719[0].dend[56],56,0.4609999954700469,19.4467989926564,119.58160243403752,86.97447447857382,4,28.16429723563527
0,basal,0.7,control_719[0].dend[56],56,0.46099999547004716,19.4467989926564,139.0284014266939,99.27939095915656,4,28.16429723563529
0,basal,0.9,control_719[0].dend[56],56,0.4609999954700469,19.4467989926564,158.4752004193503,111.45481268074545,4,28.16429723563527
0,basal,0.16666666666666666,control_719[0].dend[57],57,1.5960653254359043,21.923878769700753,10.961867076036427,10.830803669241401,1,109.93043013177277
0,basal,0.5,control_719[0].dend[57],57,1.282195705408725,21.925234858618154,32.88560122810928,21.43399828280629,1,88.31784118563591
0,basal,0.8333333333333334,control_719[0].dend[57],57,0.9810315982824122,21.923921737698443,54.809335380182134,41.65489401782027,1,67.5695632354132
0,basal,0.5,control_719[0].dend[58],58,0.8199999928474425,5.572154585670538,2.4997954274008967,12.347736867687066,2,14.354460601818912
0,basal,0.5,control_719[0].dend[59],59,0.8420000076293945,14.723640232766806,12.355982820317207,21.132197802332044,3,38.94728290394337
0,basal,0.5,control_719[0].dend[60],60,0.746999979019165,20.05059382629782,29.712411483380272,35.99996841717265,4,47.0541249822136
0,basal,0.1,control_719[0].dend[61],61,0.45699998736381525,20.032683104923077,49.63328645388769,50.690082410303425,5,28.761079448619903
0,basal,0.3,control_719[0].dend[61],61,0.45699998736381525,19.841676545919533,69.47496299980722,65.18770345545303,5,28.48684984143571
0,basal,0.5,control_719[0].dend[61],61,0.45699998736381553,19.841676545919533,89.31663954572676,78.05550337342245,5,28.486849841435728
0,basal,0.7,control_719[0].dend[61],61,0.45699998736381514,19.841676545919533,109.1583160916463,90.70193159629923,5,28.486849841435703
0,basal,0.9,control_719[0].dend[61],61,0.4569999873638154,19.841676545919533,128.9999926375658,110.0030201712279,5,28.48684984143572
0,basal,0.5,control_719[0].dend[62],62,0.7049999833106995,5.021277219193966,42.21227402569686,47.17565024220938,5,11.121239111267066
0,basal,0.1,control_719[0].dend[63],63,0.45300000905990606,22.863924282807172,56.06353884343021,58.58054472835404,6,32.53859951203766
0,basal,0.3,control_719[0].dend[63],63,0.45300000905990606,22.702877945928833,78.76641678935904,78.4578993900066,6,32.30940778651636
0,basal,0.5,control_719[0].dend[63],63,0.45300000905990595,22.702877945928833,101.46929473528787,87.44803307917536,6,32.30940778651635
0,basal,0.7,control_719[0].dend[63],63,0.45300000905990595,22.702877945928833,124.17217268121672,86.9189883650895,6,32.30940778651635
0,basal,0.9,control_719[0].dend[63],63,0.45300000905990595,22.702877945928833,146.87505062714555,101.12885111117345,6,32.30940778651635
0,basal,0.5,control_719[0].dend[64],64,0.6230000257492065,10.043725853331193,49.712113692018264,54.16730944252812,6,19.657703818945798
0,basal,0.1,control_719[0].dend[65],65,0.44900000095367437,20.924341395748446,65.12236947234949,68.45288901199599,7,29.515355050020073
0,basal,0.3,control_719[0].dend[65],65,0.4490000009536743,20.820483917557507,85.942853389907,87.27997793200092,7,29.36885627687215
0,basal,0.5,control_719[0].dend[65],65,0.44900000095367437,20.820483917557503,106.76333730746452,104.31699942983182,7,29.368856276872155
0,basal,0.7,control_719[0].dend[65],65,0.4490000009536743,20.820483917557507,127.58382122502204,122.86087436381034,7,29.36885627687215
0,basal,0.9,control_719[0].dend[65],65,0.44900000095367437,20.820483917557503,148.40430514257955,138.77402939989224,7,29.368856276872155
0,basal,0.1,control_719[0].dend[66],66,0.44900000095367437,19.08422628339889,64.20231191617472,67.13552310929828,7,26.919734483203086
0,basal,0.3,control_719[0].dend[66],66,0.44900000095367426,18.980368805207952,83.18268072138267,85.04221480157626,7,26.773235710055165
0,basal,0.5,control_719[0].dend[66],66,0.44900000095367415,18.980368805207952,102.16304952659061,103.55789240947584,7,26.773235710055157
0,basal,0.7,control_719[0].dend[66],66,0.4490000009536745,18.980368805207952,121.14341833179859,122.18425338760241,7,26.773235710055175
0,basal,0.9,control_719[0].dend[66],66,0.44900000095367415,18.980368805207952,140.12378713700653,140.6329879725359,7,26.773235710055157
0,basal,0.5,control_719[0].dend[67],67,0.6299999952316284,20.08467000267332,29.6927923226419,36.963785361865625,4,39.751646289135486
0,basal,0.1,control_719[0].dend[68],68,0.4569999873638153,20.765597917044133,50.00457254588873,56.162088784349585,5,29.8133309633111
0,basal,0.3,control_719[0].dend[68],68,0.4569999873638153,20.662725372875105,70.66729791876384,72.80464307462272,5,29.665636048933905
0,basal,0.5,control_719[0].dend[68],68,0.4569999873638152,20.662725372875105,91.33002329163894,85.06955252787958,5,29.665636048933898
0,basal,0.7,control_719[0].dend[68],68,0.45699998736381564,20.662725372875105,111.99274866451404,95.74252844098403,5,29.665636048933926
0,basal,0.9,control_719[0].dend[68],68,0.4569999873638152,20.662725372875105,132.65547403738915,108.74980094359246,5,29.665636048933898
0,basal,0.07142857142857142,control_719[0].dend[69],69,0.45699998736381525,19.10213824714979,49.17284271094155,48.18182403553694,5,27.425088935279973
0,basal,0.21428571428571427,control_719[0].dend[69],69,0.45699998736381525,18.999265702980754,68.1721084139223,63.03817414857683,5,27.277394020902772
0,basal,0.35714285714285715,control_719[0].dend[69],69,0.4569999873638152,18.999265702980754,87.17137411690307,80.4956326428142,5,27.277394020902765
0,basal,0.5,control_719[0].dend[69],69,0.45699998736381536,18.999265702980757,106.17063981988382,94.23305606600725,5,27.27739402090278
0,basal,0.6428571428571429,control_719[0].dend[69],69,0.4569999873638152,18.999265702980754,125.16990552286458,108.2410404312315,5,27.277394020902765
0,basal,0.7857142857142857,control_719[0].dend[69],69,0.4569999873638152,18.999265702980754,144.16917122584533,124.16917797739566,5,27.277394020902765
0,basal,0.9285714285714286,control_719[0].dend[69],69,0.45699998736381553,18.999265702980757,163.16843692882608,141.97254875435235,5,27.27739402090279
0,basal,0.05555555555555555,control_719[0].dend[70],70,0.46500000357627863,20.177690514138718,14.965808428689577,21.097482010624482,3,29.476389419516998
0,basal,0.16666666666666666,control_719[0].dend[70],70,0.46500000357627863,19.932435147775568,34.89824357646515,35.899487425995815,3,29.118110424154228
0,basal,0.2777777777777778,control_719[0].dend[70],70,0.46500000357627863,19.932435147775568,54.83067872424072,53.77279735253658,3,29.118110424154228
0,basal,0.3888888888888889,control_719[0].dend[70],70,0.465000003576279,19.93243514777557,74.76311387201629,73.14040390427122,3,29.118110424154253
0,basal,0.5,control_719[0].dend[70],70,0.46500000357627863,19.932435147775568,94.69554901979186,88.27095121083998,3,29.118110424154228
0,basal,0.6111111111111112,control_719[0].dend[70],70,0.4650000035762786,19.932435147775568,114.62798416756743,105.05447698097602,3,29.118110424154224
0,basal,0.7222222222222222,control_719[0].dend[70],70,0.4650000035762783,19.932435147775568,134.56041931534298,123.29037319473305,3,29.118110424154207
0,basal,0.8333333333333334,control_719[0].dend[70],70,0.4650000035762783,19.932435147775568,154.49285446311856,141.2681374014409,3,29.118110424154207
0,basal,0.9444444444444444,control_719[0].dend[70],70,0.4650000035762789,19.932435147775568,174.42528961089414,158.5560197830288,3,29.118110424154246
0,basal,0.16666666666666666,control_719[0].dend[71],71,0.46900001168251043,26.3177235690644,78.75866764953713,60.207118924921076,2,38.77671790005756
0,basal,0.5,control_719[0].dend[71],71,0.46900001168251043,25.97493038663714,104.73359803617427,78.78674906475348,2,38.27164402852144
0,basal,0.8333333333333334,control_719[0].dend[71],71,0.46900001168251043,25.97493038663714,130.7085284228114,98.13160856485916,2,38.27164402852144
0,basal,0.5,control_719[0].dend[72],72,0.4690000116825104,29.982005369935177,80.59080854997252,64.0534736714896,2,44.17569632331685
0,basal,0.16666666666666666,control_719[0].dend[73],73,2.068000078201294,13.963436707539918,6.981718353769958,11.7980265433534,1,90.71784904122731
0,basal,0.5,control_719[0].dend[73],73,2.066393780369769,13.96366072518156,20.945155061309876,5.532295340108461,1,90.64883915370565
0,basal,0.8333333333333334,control_719[0].dend[73],73,1.7690205765880562,13.965493067293238,34.908591768849796,17.410248411034114,1,77.6138149349684
0,basal,0.5,control_719[0].dend[74],74,0.8109999895095824,25.977286125898658,12.430858940374247,21.123683242029212,2,66.18575071032167
0,basal,0.07142857142857142,control_719[0].dend[75],75,0.4650000035762787,18.00410126114894,33.74508679727374,40.30783749305972,3,26.301122001558067
0,basal,0.21428571428571427,control_719[0].dend[75],75,0.4650000035762787,17.766737833050502,51.51182463032425,56.21311905700275,3,25.954371869986844
0,basal,0.35714285714285715,control_719[0].dend[75],75,0.4650000035762789,17.766737833050502,69.27856246337475,72.96914995477688,3,25.954371869986854
0,basal,0.5,control_719[0].dend[75],75,0.46500000357627846,17.766737833050506,87.04530029642527,90.28320809553541,3,25.954371869986833
0,basal,0.6428571428571429,control_719[0].dend[75],75,0.4650000035762789,17.766737833050502,104.81203812947578,107.63525794230655,3,25.954371869986854
0,basal,0.7857142857142857,control_719[0].dend[75],75,0.4650000035762789,17.766737833050502,122.57877596252627,123.81211302320573,3,25.954371869986854
0,basal,0.9285714285714286,control_719[0].dend[75],75,0.46500000357627846,17.766737833050506,140.34551379557678,140.6768326138567,3,25.954371869986833
0,basal,0.5,control_719[0].dend[76],76,0.8230000138282775,5.006558603241805,27.362019047580915,35.184441569147616,3,12.944611457405342
0,basal,0.5,control_719[0].dend[77],77,0.708999991416931,5.0610382133564045,32.36204805927095,39.7291613077109,4,11.272901677199547
0,basal,0.07142857142857142,control_719[0].dend[78],78,0.4530000090599059,20.018746649102457,44.819294936255986,51.26656645938778,5,28.489509145107945
0,basal,0.21428571428571427,control_719[0].dend[78],78,0.4530000090599059,19.91503806425485,64.73433300051082,69.59282875450636,5,28.341917154049174
0,basal,0.35714285714285715,control_719[0].dend[78],78,0.45300000905990584,19.91503806425485,84.64937106476569,88.34367333505746,5,28.34191715404917
0,basal,0.5,control_719[0].dend[78],78,0.453000009059906,19.915038064254848,104.56440912902053,107.79529830230291,5,28.34191715404918
0,basal,0.6428571428571429,control_719[0].dend[78],78,0.453000009059906,19.915038064254848,124.47944719327538,127.08726761110248,5,28.34191715404918
0,basal,0.7857142857142857,control_719[0].dend[78],78,0.4530000090599059,19.91503806425485,144.39448525753022,145.79289649589842,5,28.341917154049174
0,basal,0.9285714285714286,control_719[0].dend[78],78,0.4530000090599069,19.915038064254848,164.3095233217851,164.79609505617822,5,28.341917154049234
0,basal,0.07142857142857142,control_719[0].dend[79],79,0.45300000905990606,20.750429227155756,45.18513622528263,49.382696033861926,5,29.530796987156762
0,basal,0.21428571428571427,control_719[0].dend[79],79,0.453000009059906,20.646720642308146,65.83185686759077,66.74205035133552,5,29.383204996097984
0,basal,0.35714285714285715,control_719[0].dend[79],79,0.4530000090599062,20.64672064230815,86.47857750989894,85.67703174001383,5,29.383204996097998
0,basal,0.5,control_719[0].dend[79],79,0.4530000090599056,20.64672064230815,107.12529815220708,106.00242731850537,5,29.383204996097962
0,basal,0.6428571428571429,control_719[0].dend[79],79,0.4530000090599062,20.64672064230815,127.77201879451525,126.59106079223497,5,29.383204996097998
0,basal,0.7857142857142857,control_719[0].dend[79],79,0.4530000090599062,20.64672064230815,148.4187394368234,146.64572611010394,5,29.383204996097998
0,basal,0.9285714285714286,control_719[0].dend[79],79,0.45300000905990584,20.64672064230815,169.06546007913155,165.1608893004946,5,29.383204996097973
0,basal,0.1,control_719[0].dend[80],80,0.4569999873638153,19.123917915775845,44.34336505690072,50.47465420875265,5,27.456358175473003
0,basal,0.3,control_719[0].dend[80],80,0.4569999873638153,18.96317830554432,63.30654336244505,66.67891802905527,5,27.225583062813588
0,basal,0.5,control_719[0].dend[80],80,0.4569999873638152,18.96317830554432,82.26972166798936,84.01702798804915,5,27.22558306281358
0,basal,0.7,control_719[0].dend[80],80,0.4569999873638155,18.963178305544325,101.23289997353368,101.90011593405782,5,27.225583062813598
0,basal,0.9,control_719[0].dend[80],80,0.4569999873638151,18.963178305544325,120.19607827907802,120.4475280584592,5,27.225583062813577
0,basal,0.5,control_719[0].dend[81],81,0.6299999952316284,35.09302853639799,47.35319380187979,50.863469976683604,4,69.45623987886044
0,basal,0.07142857142857142,control_719[0].dend[82],82,0.4569999873638152,17.90123641934879,73.74324932693611,74.60584976700402,5,25.700944810477772
0,basal,0.21428571428571427,control_719[0].dend[82],82,0.4569999873638153,17.798363875179756,91.54161320211588,92.06222176646206,5,25.553249896100578
0,basal,0.35714285714285715,control_719[0].dend[82],82,0.4569999873638154,17.798363875179756,109.33997707729563,109.38518604248762,5,25.55324989610058
0,basal,0.5,control_719[0].dend[82],82,0.4569999873638152,17.798363875179756,127.13834095247537,126.22149745305929,5,25.55324989610057
0,basal,0.6428571428571429,control_719[0].dend[82],82,0.45699998736381503,17.798363875179756,144.93670482765515,139.93724864662232,5,25.55324989610056
0,basal,0.7857142857142857,control_719[0].dend[82],82,0.4569999873638154,17.798363875179756,162.73506870283492,151.3222181441823,5,25.55324989610058
0,basal,0.9285714285714286,control_719[0].dend[82],82,0.45699998736381503,17.798363875179756,180.5334325780147,162.39204415496314,5,25.55324989610056
0,basal,0.16666666666666666,control_719[0].dend[83],83,0.45699998736381536,18.12682569682306,73.85604396567325,66.74485148208281,5,26.024825096419097
0,basal,0.5,control_719[0].dend[83],83,0.45699998736381525,18.023953152654027,91.87999711832728,73.61895892185895,5,25.87713018204189
0,basal,0.8333333333333334,control_719[0].dend[83],83,0.45699998736381536,18.023953152654027,109.90395027098131,82.78878495417193,5,25.877130182041896
0,basal,0.5,control_719[0].dend[84],84,0.7900000214576721,14.502568419534208,48.8557745595056,30.091257454235052,2,35.99331927758017
0,basal,0.5,control_719[0].dend[85],85,0.6340000033378601,19.98392736858772,65.76940456781045,40.98748768098664,3,39.80338207614663
0,basal,0.1,control_719[0].dend[86],86,0.460999995470047,22.033998474533565,86.68320413509971,58.39054779878132,4,31.91127149309463
0,basal,0.3,control_719[0].dend[86],86,0.460999995470047,21.931267991740466,108.61447212684018,78.24321081083175,4,31.762489585407007
0,basal,0.5,control_719[0].dend[86],86,0.46099999547004694,21.931267991740462,130.54574011858065,99.43453108793452,4,31.762489585407
0,basal,0.7,control_719[0].dend[86],86,0.4609999954700471,21.931267991740466,152.4770081103211,116.58351673845249,4,31.762489585407014
0,basal,0.9,control_719[0].dend[86],86,0.4609999954700471,21.931267991740466,174.40827610206156,132.37181788106884,4,31.762489585407014
0,basal,0.1,control_719[0].dend[87],87,0.46099999547004694,18.860146012687178,85.09627790417652,54.88821360855311,4,27.31466286093619
0,basal,0.3,control_719[0].dend[87],87,0.46099999547004694,18.75741552989407,103.85369343407059,68.4539753260555,4,27.165880953248557
0,basal,0.5,control_719[0].dend[87],87,0.46099999547004716,18.75741552989407,122.61110896396467,84.03077087660562,4,27.165880953248568
0,basal,0.7,control_719[0].dend[87],87,0.46099999547004694,18.75741552989407,141.36852449385873,102.33789952570426,4,27.165880953248557
0,basal,0.9,control_719[0].dend[87],87,0.46099999547004716,18.75741552989407,160.12594002375283,119.35404873737353,4,27.165880953248568
0,basal,0.16666666666666666,control_719[0].dend[88],88,0.6340000033378601,16.673512782319172,64.11419727467619,42.96543260370978,3,33.20979843378335
0,basal,0.5,control_719[0].dend[88],88,0.6340000033378601,16.58591655656949,80.70011383124569,57.50696715498471,3,33.035326920870254
0,basal,0.8333333333333334,control_719[0].dend[88],88,0.6340000033378599,16.585916556569494,97.28603038781517,71.73839352656158,3,33.03532692087025
0,basal,0.1,control_719[0].dend[89],89,0.46099999547004694,22.021870774520078,116.53855881196341,84.81909717638838,4,31.89370725807099
0,basal,0.3,control_719[0].dend[89],89,0.460999995470047,21.919140291726972,138.4576991036904,102.35923927568396,4,31.74492535038336
0,basal,0.5,control_719[0].dend[89],89,0.46099999547004694,21.919140291726972,160.37683939541733,120.94819155362038,4,31.744925350383355
0,basal,0.7,control_719[0].dend[89],89,0.4609999954700468,21.919140291726972,182.2959796871443,138.43540829965468,4,31.744925350383344
0,basal,0.9,control_719[0].dend[89],89,0.4609999954700471,21.919140291726972,204.2151199788713,159.3542126701986,4,31.744925350383365
0,basal,0.16666666666666666,control_719[0].dend[90],90,0.460999995470047,21.451117660407366,116.25318225490706,87.36112937903229,4,31.067100248860626
0,basal,0.5,control_719[0].dend[90],90,0.460999995470047,21.348387177614264,137.60156943252133,107.39796573626296,4,30.918318341173002
0,basal,0.8333333333333334,control_719[0].dend[90],90,0.46099999547004694,21.348387177614264,158.9499566101356,124.31995721645858,4,30.918318341172995
0,basal,0.5,control_719[0].dend[91],91,0.8450000286102295,10.50730306836304,46.890048056045444,26.810958425251627,2,27.893168823090264
0,basal,0.5,control_719[0].dend[92],92,0.7509999871253967,10.04998274359997,56.889806643850875,33.908215937533306,3,23.71128651246516
0,basal,0.07142857142857142,control_719[0].dend[93],93,0.460999995470047,22.983199138507327,73.28612318302312,46.94522804243818,4,33.28597432447139
0,basal,0.21428571428571427,control_719[0].dend[93],93,0.4609999954700469,22.792591769585027,96.07871495260815,68.2102191261578,4,33.0099225899079
0,basal,0.35714285714285715,control_719[0].dend[93],93,0.460999995470047,22.792591769585023,118.87130672219318,90.3681359687313,4,33.00992258990791
0,basal,0.5,control_719[0].dend[93],93,0.46099999547004683,22.792591769585027,141.6638984917782,112.26231034258637,4,33.009922589907895
0,basal,0.6428571428571429,control_719[0].dend[93],93,0.46099999547004705,22.79259176958503,164.45649026136323,134.8112211445446,4,33.009922589907916
0,basal,0.7857142857142857,control_719[0].dend[93],93,0.46099999547004705,22.79259176958503,187.24908203094827,155.05374692124047,4,33.009922589907916
0,basal,0.9285714285714286,control_719[0].dend[93],93,0.4609999954700474,22.792591769585027,210.0416738005333,174.30379552076582,4,33.00992258990794
0,basal,0.5,control_719[0].dend[94],94,0.708999991416931,15.022121566620973,69.39007708126333,45.353164006383,4,33.46011080425164
0,basal,0.5,control_719[0].dend[95],95,0.6269999742507936,20.043626896347952,86.89029979719537,59.87243557228251,5,39.481505581156675
0,basal,0.16666666666666666,control_719[0].dend[96],96,0.453000009059906,18.274320422768312,105.97557864905502,75.62671714096459,6,26.006943787783698
0,basal,0.5,control_719[0].dend[96],96,0.453000009059906,18.170611837920703,124.14619048697574,92.33034313054138,6,25.859351796724926
0,basal,0.8333333333333334,control_719[0].dend[96],96,0.453000009059906,18.170611837920703,142.31680232489646,109.65977689863624,6,25.859351796724926
0,basal,0.1,control_719[0].dend[97],97,0.45300000905990595,18.96163614250672,106.31923650892423,75.60090288382692,6,26.985091312516055
0,basal,0.3,control_719[0].dend[97],97,0.45300000905990595,18.857927557659114,125.17716406658334,91.0576954524546,6,26.837499321457287
0,basal,0.5,control_719[0].dend[97],97,0.45300000905990595,18.857927557659114,144.03509162424245,107.91576270106518,6,26.837499321457287
0,basal,0.7,control_719[0].dend[97],97,0.453000009059906,18.857927557659114,162.89301918190156,124.86045552949284,6,26.83749932145729
0,basal,0.9,control_719[0].dend[97],97,0.45300000905990595,18.857927557659114,181.75094673956067,142.52569814251237,6,26.837499321457287
0,basal,0.1,control_719[0].dend[98],98,0.45699998736381536,23.914465707620547,88.76718991299057,64.29253058492992,5,34.334185020834326
0,basal,0.3,control_719[0].dend[98],98,0.45699998736381536,23.753726097389027,112.5209160103796,86.86106793726752,5,34.10340990817491
0,basal,0.5,control_719[0].dend[98],98,0.4569999873638155,23.753726097389027,136.2746421077686,109.20306567862147,5,34.103409908174925
0,basal,0.7,control_719[0].dend[98],98,0.45699998736381514,23.753726097389027,160.02836820515765,130.58093504084334,5,34.103409908174896
0,basal,0.9,control_719[0].dend[98],98,0.4569999873638154,23.753726097389027,183.78209430254665,153.05306348609972,5,34.10340990817492
0,basal,0.5,control_719[0].dend[99],99,0.6340000033378601,15.121706708967071,59.38911153589554,35.309976740619796,3,30.11895803457289
0,basal,0.1,control_719[0].dend[100],100,0.460999995470047,20.947587308322426,77.31086549508461,50.77334811995638,4,30.337850231485547
0,basal,0.3,control_719[0].dend[100],100,0.46099999547004694,20.844856825529323,98.15572232061393,68.64158285168462,4,30.189068323797915
0,basal,0.5,control_719[0].dend[100],100,0.46099999547004683,20.844856825529327,119.00057914614325,86.89205357337285,4,30.189068323797912
0,basal,0.7,control_719[0].dend[100],100,0.460999995470047,20.844856825529323,139.84543597167257,107.37484854380055,4,30.189068323797922
0,basal,0.9,control_719[0].dend[100],100,0.46099999547004683,20.844856825529327,160.6902927972019,127.97461905133899,4,30.189068323797912
0,basal,0.16666666666666666,control_719[0].dend[101],101,0.46099999547004705,26.695875180450724,80.18500943114876,51.746345983243195,4,38.662947245536806
0,basal,0.5,control_719[0].dend[101],101,0.460999995470047,26.59314469765762,106.77815412880638,72.54850127239142,4,38.51416533784918
0,basal,0.8333333333333334,control_719[0].dend[101],101,0.46099999547004705,26.59314469765762,133.37129882646403,94.07540419339182,4,38.51416533784918
